index,subject,email_prompt,condition_prompt,reference_continuation,generated_continuation
0,Huntley/question,"Phillip, Could you please do me a favor?
I would like to read your current title policy to see what it says about easements.
You should have received a copy during your closing.","Email:
Phillip, Could you please do me a favor?
I would like to read your current title policy to see what it says about easements.
You should have received a copy during your closing.
Continuation:","I don't know how many pages it will be but let me know how you want to handle getting a copy made.
I'll be happy to make the copy, or whatever makes it easy for you.
Thanks,","I would like to see what you think about this.
I would like to see what you think about this.
I would like to see what you think about this.
I would like to see what you think about this.
Thanks, Liz Taylor x00000.
Thanks, Liz Taylor x00000."
1,Expense Reports Awaiting Your Approval,"The following reports have been waiting for your approval for more than <NUMBER> days.
Please review.","Email:
The following reports have been waiting for your approval for more than <NUMBER> days.
Please review.
Continuation:","Owner: James W Reitmeyer Report Name: JReitmeyer <NUMBER>/<NUMBER>/<NUMBER> Days In Mgr.
Queue: <NUMBER>","Owner: John Graziano Report Name: John Graziano Days In Mgr.
Queue: <NUMBER> Owner: John Graziano Days In Mgr.
Queue: <NUMBER> Owner: John Graziano Days In Mgr.
Queue: <NUMBER> Owner: John"
2,Re-start/Integration Planning,"We have for the last couple of weeks started to compile the Re-start/Integration Plans for Netco.
So far, we have primarily focussed on the mid/back plans where the technology requirements have been the driving factors.
Several plans are in the final stages of completion including:- + Infrastructure Jenny Rub + Development Jay Webb + <COMPANY>Online Webb / Forster + HR David Oxley + Cash Management Tom Myers + Credit Debbie Brackett The rest will be completed shortly.
We now need to focus on the commercial plans which have a slightly different focus.
John and I would like to receive the plans ""Re-start/Integration"" plans by January 0th, <NUMBER> in order to go through them individually with each of you or in groups.
The focus should be to ensure that we have as much of the","Email:
We have for the last couple of weeks started to compile the Re-start/Integration Plans for Netco.
So far, we have primarily focussed on the mid/back plans where the technology requirements have been the driving factors.
Several plans are in the final stages of completion including:- + Infrastructure Jenny Rub + Development Jay Webb + <COMPANY>Online Webb / Forster + HR David Oxley + Cash Management Tom Myers + Credit Debbie Brackett The rest will be completed shortly.
We now need to focus on the commercial plans which have a slightly different focus.
John and I would like to receive the plans ""Re-start/Integration"" plans by January 0th, <NUMBER> in order to go through them individually with each of you or in groups.
The focus should be to ensure that we have as much of the
Continuation:","business up and running in the shortest time possible.
I have a suggested outline which you do not have to use but I thought it might help.
Please decide within yourselves the areas you will cover together or individually.
Customer Side + Customers Phase <NUMBER> - First Week (eg top <NUMBER>) Phase <NUMBER> - First Month (eg top <NUMBER>) Phase <NUMBER> - First Quarter (eg top <NUMBER>) + Action Plan Phase <NUMBER> Customers Phase <NUMBER> Customers Phase <NUMBER> Customers + Contracts by customers (pre-prepared with credit terms etc) + Customer visit schedule Product Side + List of Products Phase <NUMBER> - First Week Phase <NUMBER> - First Month Phase <NUMBER> - First Quarter Target Number of Transactions + Phase <NUMBER> + Phase <NUMBER> + Phase <NUMBER> IT transfer Louise","technology as possible in order to meet the objectives of the plan as possible.
We will also need to get the plans in place as soon as possible.
We will also need to get the plans in place as soon as possible.
We will need to get the plans in place as soon as possible.
We"
3,RM Simulation Storyline Scripts - Ready for Legal Review,"Michelle Here are my very minor comments.
However we still need to wait on any additions, based on meeting with SME's today.
One concern is the firing of the learner who performs bad in the final two scenarios.
Do we face any copyright issues using the CNN type themes?
In addition, I think we need to stay clear of anything that remotely seems like California or anything that really happen with <COMPANY>?
(i.e.
So-cal Waha) In addition, comments on regulatory issues may","Email:
Michelle Here are my very minor comments.
However we still need to wait on any additions, based on meeting with SME's today.
One concern is the firing of the learner who performs bad in the final two scenarios.
Do we face any copyright issues using the CNN type themes?
In addition, I think we need to stay clear of anything that remotely seems like California or anything that really happen with <COMPANY>?
(i.e.
So-cal Waha) In addition, comments on regulatory issues may
Continuation:","be a problem (i.e.
California Legislature).
Sheri When you read all the scripts together and due to the similar mechanics being taught it appears very repetitious.
Thus I do believe we need to maybe use a ""Dateline"" type theme for one, and a ""<NUMBER> Minute"" type theme for another scenario vice just the CNN type theme.
In the last two scenarios can we include a promotion out of the associate program for the stellar performers (i.e.
title change to manager)?
Cheers Kirk","be a problem.
I think we need to keep in mind that the <COMPANY> logo is not the same as <COMPANY>'s logo.
I think we need to keep in mind that <COMPANY>'s logo is not the same as <COMPANY>'"
4,Answer,"For purposes of an accelerated distribution from the PSA, a ""single sum distribution,"" in Section <NUMBER> means that a PSA account is distributed all at once, as distinguished from another form of payout as may have been selected by a participant in his or her deferral agreement.
Section <NUMBER> is clear in that the account balance shall be determined as of the last day of the month preceding the date on which the Committee receives the written request of the Participant.
A PSA account balance is reflected in shares of stock since the form of distribution is shares of stock.
Additionally, any portion of a PSA balance","Email:
For purposes of an accelerated distribution from the PSA, a ""single sum distribution,"" in Section <NUMBER> means that a PSA account is distributed all at once, as distinguished from another form of payout as may have been selected by a participant in his or her deferral agreement.
Section <NUMBER> is clear in that the account balance shall be determined as of the last day of the month preceding the date on which the Committee receives the written request of the Participant.
A PSA account balance is reflected in shares of stock since the form of distribution is shares of stock.
Additionally, any portion of a PSA balance
Continuation:","attributable to deferral of restricted stock is administered under Sections <NUMBER> and <NUMBER> and Exhibit A of the Plan.
This section is applicable now as we are accelerating the distribution of PSA balances created with deferrals of restricted stock.
The Plan indicates that upon death, disability, retirement or termination, the share units are converted to shares which are issued to the executive according to the payment election made by the executive at the time of the deferral election.
Therefore the distribution you will receive in shares is correct and we do not agree with your interpretation of the plan.","that is distributed to the participant in the PSA account balance shall be determined as of the last day of the month preceding the date on which the Committee receives the written request of the Participant.
The PSA account balance shall be determined as of the last day of the month preceding the date on which the Committee receives the"
5,BCP Seat Assignments,"All: Attached you will find a list that reflects your seat assignments for Business Continuity Planning (BCP).
These seats are located on the 00th and 00st Floors of <COMPANY> Center North (ECN).
As previously communicated, you will report to these designated seats in the event of an outage in ECS.
The exception to this is as follows: If your seat assignment is located on the 00st Floor, you will report to your original location that you occupied prior to your","Email:
All: Attached you will find a list that reflects your seat assignments for Business Continuity Planning (BCP).
These seats are located on the 00th and 00st Floors of <COMPANY> Center North (ECN).
As previously communicated, you will report to these designated seats in the event of an outage in ECS.
The exception to this is as follows: If your seat assignment is located on the 00st Floor, you will report to your original location that you occupied prior to your
Continuation:","move into ECS.
This will hold true until the Monday after Thanksgiving, as we will have the 00st floor seats set up at that time.
Testing: Once you have moved to ECS, if you would like to test your BCP location, you will be able to test your seat for functionality every Thursday from <NUMBER>-0pm.
Testing is not required, but is highly recommended.
If anyone has any questions or concerns about these procedures, please feel free to contact me at any time.
Regards,","assignment.
If you have any questions, please contact the following person: <COMPANY> North <NUMBER> Center North <NUMBER> Center North <NUMBER> Center North <NUMBER> Center North <NUMBER> Center North <NUMBER> Center North <NUMBER> Center North <"
6,Farewell Drinks,"As our last day is Friday, November 00th, we would love to toast the good times and special memories that we have shared with you over the past five","Email:
As our last day is Friday, November 00th, we would love to toast the good times and special memories that we have shared with you over the past five
Continuation:","years.
Please join us at Teala's (W. Dallas) on Thursday, November 00th, beginning at 0pm.
Looking forward to being with you, Lara and Janel Lara Leibman","years.
We will be in the same location every other day for the first time.
We will be in the same location every other day for the first time.
We will be in the same location every other day for the first time.
Thank you for your support.
Sincerely,
Sara"
7,Slide for John Sheriff,"Hi John, I was wondering if you had a chance to put together that slide for","Email:
Hi John, I was wondering if you had a chance to put together that slide for
Continuation:","us.
I know you are really busy and we appreciate your help.
Thanks.
Savita","the <NUMBER>/<NUMBER> presentation.
I have a few questions and I am looking forward to hearing from you.
Thanks, Liz Taylor x00000.
Thanks, Liz Taylor x00000.
Thanks, Liz Taylor x00000.
Thanks, Liz Taylor x00000.
Thanks, Liz"
8,URGENT - ENA Associates & Analysts,"All, The below Analyst & Associate recruiting dates require <COMPANY> participation at Manager level at above.
In order to resource each of your departments it is important to have <COMPANY>'s involvement and participation in the interviews and debrief sessions on Fantastic Friday and Super Saturday events.
These de-brief sessions will allow you the opportunity to select candidates you wish to join your groups.
The target is to assign potential candidates to business units and departments from the outset.
As <COMPANY> has the highest percentage of A&A rotating in its business unit, the participation of <COMPANY> at interview should reflect","Email:
All, The below Analyst & Associate recruiting dates require <COMPANY> participation at Manager level at above.
In order to resource each of your departments it is important to have <COMPANY>'s involvement and participation in the interviews and debrief sessions on Fantastic Friday and Super Saturday events.
These de-brief sessions will allow you the opportunity to select candidates you wish to join your groups.
The target is to assign potential candidates to business units and departments from the outset.
As <COMPANY> has the highest percentage of A&A rotating in its business unit, the participation of <COMPANY> at interview should reflect
Continuation:","this.
Therefore, please encourage your direct reports and managers to participate in the below events in order to secure candidates for your business area.
Associate Recruiting: Saturday November <NUMBER> Total - <NUMBER> Candidates for Interview Analyst Recruiting: Friday, November <NUMBER> Total - <NUMBER> Candidates for Interivew Associate Recruiting: Saturday, December <NUMBER> Total - <NUMBER> Candidates for Interview The above spreadsheet represents <COMPANY>'s particpation today which I believe highlights the need for much additional support in these efforts.
Please confirm by return participation of your respective groups.
Regards,","your current organizational and organizational background.
The goal of this session is to identify and recruit potential candidates who are willing to work with you and to provide them with a platform to gain a broader perspective.
The purpose of this session is to identify and recruit potential candidates who are willing to work with you and to provide them"
9,Increased Security at Enron Center,"Late on October 00th, we received information about a nonspecific threat to the <COMPANY> Center.
We communicated with law enforcement officials who found the threat unsubstantiated and without merit.","Email:
Late on October 00th, we received information about a nonspecific threat to the <COMPANY> Center.
We communicated with law enforcement officials who found the threat unsubstantiated and without merit.
Continuation:","Nonetheless we take all threats seriously and have increased the security presence at the <COMPANY> Center still further.
Once again, if you observe suspicious behavior, please call security at <NUMBER>-<NUMBER>.",The Center is located in the 0rd floor of the 0rd floor of the 0rd floor of the 0rd floor of the 0rd floor of the 0rd floor of the 0rd floor of the 0rd floor of the 0rd floor of the 0rd floor of the 0rd floor of the 0rd floor
10,Greetings,"Hi John, The events surrounding the <COMPANY> demise are quite disturbing not only to me but to many of us over here.
Our hearts go out to all the employees who will not only loose their employment but also most, if not all, of their savings.
As you know, I've always thought a lot of you; not only for your trading skills, but also as a person.
You are one of the largest and most influential traders in the market, yet do","Email:
Hi John, The events surrounding the <COMPANY> demise are quite disturbing not only to me but to many of us over here.
Our hearts go out to all the employees who will not only loose their employment but also most, if not all, of their savings.
As you know, I've always thought a lot of you; not only for your trading skills, but also as a person.
You are one of the largest and most influential traders in the market, yet do
Continuation:","not have the annoying ego so often found in traders of your stature.
I'm absolutely sure that you'll do well no matter where your career takes you.
I just wanted you to know that if there is ever anything I can do for you, please don't hesitate to call.
This is not a solicitation for employment.
This is from a person who always felt you treated me honestly and fairly and if the occasion arises, would like to reciprocate.","not have to worry about the future.
I've been fortunate enough to have worked with many of the best traders in the world, and I hope that you will be able to do so.
I'm sure that many of you will be able to do so.
I'm sure that many of you will be"
11,"Meeting on Wednesday, January 2 - 9:30 am","Kevin Presto is requesting that you attend a meeting regarding Organizing an Action Plan for the Start-up of Netco.
The meeting will be held in ECS <NUMBER> at <NUMBER>:<NUMBER> am, Wednesday, January","Email:
Kevin Presto is requesting that you attend a meeting regarding Organizing an Action Plan for the Start-up of Netco.
The meeting will be held in ECS <NUMBER> at <NUMBER>:<NUMBER> am, Wednesday, January
Continuation:","<NUMBER>, <NUMBER>.
For Tim and Chris, could you please call <PHONE>.
This is the telephone number in the conference room.
If you should have any questions, please call T Jae Black at <NUMBER>-<NUMBER>.
Thanks","<NUMBER>.
Please attend if you are unable to attend.
The meeting will be held in ECS <NUMBER> on Thursday, January <NUMBER>.
Please call me if you have any questions.
Thank you.
Sara P.S.
Thank you, and I look forward"
12,STEAG Power LLC,"Harry - I got kicked out of the system, so I'm sending this from Tom's account.
He can fill you in on the potential deal","Email:
Harry - I got kicked out of the system, so I'm sending this from Tom's account.
He can fill you in on the potential deal
Continuation:","with STEAG.
I left my resume on your chair.
I'll e-mail a copy when I have my home account running.
My contact info is:","and I'll send it to him.
I'll send it to him.
I'll send it to him.
I'll send it to him.
Thanks, Liz Taylor.
Sara - I'm going to send it to you.
Thanks, Liz Taylor.
Sara - I'm going"
13,ConEd - Lakewood Peaker,"Harry: Got the bid documents for ConEd's offering of peaking capacity for PJM East (Lakewood, New Jersey).
Can't imagine","Email:
Harry: Got the bid documents for ConEd's offering of peaking capacity for PJM East (Lakewood, New Jersey).
Can't imagine
Continuation:","they would entertain an <COMPANY> bid right now without confiscatory credit pricing.
Do you want to bid anyway?
Let me know.","you guys are going to be in the office this week.
I'll be out of the office on Monday, but I'll be back in the office on Tuesday.
Thanks.
Sara x00000 x00000 x00000 x00000 x00000 x00000 x00000 x x00000 x00000 x00000 x x00000"
14,Relocation,"Thank you for allowing me to explain the UBS relocation policy.
I have included a repayment agreement that must be printed","Email:
Thank you for allowing me to explain the UBS relocation policy.
I have included a repayment agreement that must be printed
Continuation:","out, signed and faxed back to <PHONE> at your earliest convenience.
I look forward to working with you in the future.
Thanks","in the form of a Master Agreement.
Please let me know if you have any questions.
I will be out of the office on Monday, October <NUMBER>.
Thank you, Liz Taylor x00000.
Thanks, Liz Taylor x00000.
Thanks, Liz Taylor x00000.
Thanks, Liz"
15,IMPORTANT MESSAGE TO ALL EMPLOYEES PARTICIPATING IN THE ENRON CORP SAVINGS & ESOP PLANS,"PLEASE READ THIS IMPORTANT INFORMATION CONCERNING THE ENRON STOCK FUND IN THE ENRON CORP. SAVINGS AND ESOP PLANS On Friday, January <NUMBER>, trading of <COMPANY> stock was suspended on the New York Stock Exchange (NYSE).
All Savings and ESOP Plan transactions, including <NUMBER>(k) payroll contributions, involving this fund were placed in a pending status until trading resumed.
As announced by <COMPANY>'s Office of the Chair on Wednesday, January <NUMBER>, <COMPANY> stock would now be traded Over The Counter (OTC).
Upon receiving","Email:
PLEASE READ THIS IMPORTANT INFORMATION CONCERNING THE ENRON STOCK FUND IN THE ENRON CORP. SAVINGS AND ESOP PLANS On Friday, January <NUMBER>, trading of <COMPANY> stock was suspended on the New York Stock Exchange (NYSE).
All Savings and ESOP Plan transactions, including <NUMBER>(k) payroll contributions, involving this fund were placed in a pending status until trading resumed.
As announced by <COMPANY>'s Office of the Chair on Wednesday, January <NUMBER>, <COMPANY> stock would now be traded Over The Counter (OTC).
Upon receiving
Continuation:","this information, work began immediately to develop a process that allows for OTC trades in the plans.
On Thursday, January <NUMBER>, <COMPANY> initiated a process to facilitate OTC trades of <COMPANY> stock inside the <NUMBER>(k) and ESOP and all pending transactions were processed using Thursday's closing price.
Now that trading has resumed, we urge you to review your investment elections to ensure that they are consistent with your investment goals.
As things change, we will continue to update you.
<COMPANY> Benefits Department","the notification, the NYSE will issue a notice of suspension.
The NYSE will notify the NYSE immediately of any trades that have occurred with the NYSE.
The NYSE will notify the NYSE immediately of any trades that have occurred with the NYSE.
The NYSE will notify the NYSE"
16,UBS issues,"<NUMBER>) The enforceability of my existing contract with <COMPANY>, namely section <NUMBER>.
What happens to my contract with <COMPANY> and will I be forced to repay both my sign on bonus and my retention bonus to <COMPANY>?
<NUMBER>) Section <NUMBER>(f) and the last sentence of section <NUMBER>(c) seem redundant.
Will I get paid the retention bonus absent voluntary termination (i.e.
for both with cause and without cause involuntary termination) ?
<NUMBER>) Who will be my employer?
And will all stock and stock option grants be in UBS AG stock?
<NUMBER>) What happens to the Restricted Stock grant","Email:
<NUMBER>) The enforceability of my existing contract with <COMPANY>, namely section <NUMBER>.
What happens to my contract with <COMPANY> and will I be forced to repay both my sign on bonus and my retention bonus to <COMPANY>?
<NUMBER>) Section <NUMBER>(f) and the last sentence of section <NUMBER>(c) seem redundant.
Will I get paid the retention bonus absent voluntary termination (i.e.
for both with cause and without cause involuntary termination) ?
<NUMBER>) Who will be my employer?
And will all stock and stock option grants be in UBS AG stock?
<NUMBER>) What happens to the Restricted Stock grant
Continuation:","referenced in Section <NUMBER> and again in Exhibit I if UBS terminates me with or without cause?
As a follow up, if the stock is lost then what is the consideration for signing this contract (non - compete)?
<NUMBER>) In Section <NUMBER>(a), the non - compete clause is set up for a <NUMBER> month period after my employment begins and continues regardless of termination both voluntarily and involuntarily.
What is to stop UBS from terminating me or anyone else for that matter immediately after signing this agreement?
All they are out is the Retention portion of the contract (since contract is at will).","of <COMPANY> to <COMPANY> Corp?
<NUMBER>) What happens to the Guaranty of <COMPANY> Corp?
<NUMBER>) What happens to the Guaranty of <COMPANY> Corp?
<NUMBER>) What happens to the Guaranty of"
17,YOU HAVE 48 HOURS - Message from Louise Kitchen,"It appears that the following email may not have been clear.
You have to copy all documents yourself.
This is my cheat sheet if it helps: H Drives: <NUMBER>.
Each person will have to move any data over personally from the old H drive (which is now Z:) drive to their new H drive.
<NUMBER>.
The Z: drive (old H:) will be removed from UBS employees on Thursday night.
O Drives: <NUMBER>.
For the old O or M drives go to O:\ESTATE\ O (or M ?
pending location of data) and copy to the new common O.
The Estate O and M will be removed from UBS employees on Thursday night.
Do not delete anything and only copy information which is complies with the policy.
Please make sure that those people who are not in the office are contacted and comply.
Louise To: All <COMPANY> Employees Transferring to UBS","Email:
It appears that the following email may not have been clear.
You have to copy all documents yourself.
This is my cheat sheet if it helps: H Drives: <NUMBER>.
Each person will have to move any data over personally from the old H drive (which is now Z:) drive to their new H drive.
<NUMBER>.
The Z: drive (old H:) will be removed from UBS employees on Thursday night.
O Drives: <NUMBER>.
For the old O or M drives go to O:\ESTATE\ O (or M ?
pending location of data) and copy to the new common O.
The Estate O and M will be removed from UBS employees on Thursday night.
Do not delete anything and only copy information which is complies with the policy.
Please make sure that those people who are not in the office are contacted and comply.
Louise To: All <COMPANY> Employees Transferring to UBS
Continuation:","Warburg Energy (or its affiliates) Under the terms of the various agreements among certain <COMPANY> entities and UBS AG, certain <COMPANY> data and documents may be provided to UBS.
To ensure compliance with those agreements, <COMPANY>'s document retention policy, as well as directives of various investigative agencies, the attached protocol regarding the process for migration of any information or data to UBS has been developed.
Please review the protocol carefully.
Then, complete the attached Certification and return it, with attachments, to Linda Guinn at EB 0000a no later than February <NUMBER>, <NUMBER>.
Questions about this matter may be directed to Michelle Cash at <PHONE> or Francisco Pinto-Leite at <PHONE> .
Protocol Document and Data Copy Instructions Certification Document","<NUMBER>.
All <COMPANY> employees who are not in the office are contacted and comply.
O Drive: <NUMBER>.
All <COMPANY> employees who are not in the office are contacted and comply.
O Drive: <NUMBER>.
All <COMPANY"
18,Sunshine Kids Benefit Golf Tournament - March 18th,"Dear Members: NESA is pleased to be holding its 0rd Annual Benefit Golf Tournament on Monday, March 00th, <NUMBER> at the prestigious Champions Golf Club.
Proceeds will again benefit The Sunshine Kids Foundation.
This is your opportunity to secure a corporate (<CUR><NUMBER>) or individual (<CUR><NUMBER>) sponsorship which includes a foursome or a single tee time, respectively for this outstanding tournament and great cause.
Attached are registration","Email:
Dear Members: NESA is pleased to be holding its 0rd Annual Benefit Golf Tournament on Monday, March 00th, <NUMBER> at the prestigious Champions Golf Club.
Proceeds will again benefit The Sunshine Kids Foundation.
This is your opportunity to secure a corporate (<CUR><NUMBER>) or individual (<CUR><NUMBER>) sponsorship which includes a foursome or a single tee time, respectively for this outstanding tournament and great cause.
Attached are registration
Continuation:","forms.
NESA has been proud to donate over <CUR><NUMBER> in the last two years to local charities through this tournament, and we need your help to continue to do so.
If you have any questions, please feel free to email me or call me at <PHONE>.
Don't forget about our mixer on Thursday, January 00st at the Boaka Bar downtown.
No cover, first drink free - can't beat it!
RSVP to me if you can make it.
Visit their website for directions at <URL>","forms for the tournament and a list of sponsors.
Please call me at x00000 if you have any questions.
If you have any questions, please call me at x00000.
The tournament will be held in the 00th floor of the Golf Club.
The tournament will be held in the 00th floor"
19,"NOTIFICATION: Outlook Outage - Friday, December 28, 2001","This is a notice to inform you that the server where your Outlook mailbox resides is scheduled for an outage tonight.
Your mailbox will be temporarily unavailable starting anytime after 0pm and may continue to be unavailable until <NUMBER> a.m., when all","Email:
This is a notice to inform you that the server where your Outlook mailbox resides is scheduled for an outage tonight.
Your mailbox will be temporarily unavailable starting anytime after 0pm and may continue to be unavailable until <NUMBER> a.m., when all
Continuation:","server maintenance work have been completed.
Outlook Web Access (OWA) will also be unavailable during this time.
Blackberry users: Message delivery may be delayed for a few minutes.
If you have any questions, please call the Resolution Center at x00000.","server maintenance work have been completed.
Outlook Web Access (OWA) will also be unavailable during this time.
Blackberry users: Message delivery may be delayed for a few minutes.
If you have any questions, please call the Resolution Center at x00000.
Blackberry users: Message delivery may be"
20,Enron/Dynegy Merger; Antitrust Issues,"As you know, <COMPANY> has signed a merger agreement by which Dynegy will acquire <COMPANY>.
We expect the transaction to close following shareholder and regulatory approvals and various conditions to closing.
Even though <COMPANY> has entered into this agreement, U.S. and foreign antitrust laws require that <COMPANY> and Dynegy continue to operate independently of each other.
In particular, to the extent that <COMPANY> and Dynegy are competitors in various businesses or markets, their respective activities must be undertaken at arm's length until the transaction has closed.
Therefore, for antitrust purposes you should treat Dynegy as you would any other unaffiliated company notwithstanding the merger","Email:
As you know, <COMPANY> has signed a merger agreement by which Dynegy will acquire <COMPANY>.
We expect the transaction to close following shareholder and regulatory approvals and various conditions to closing.
Even though <COMPANY> has entered into this agreement, U.S. and foreign antitrust laws require that <COMPANY> and Dynegy continue to operate independently of each other.
In particular, to the extent that <COMPANY> and Dynegy are competitors in various businesses or markets, their respective activities must be undertaken at arm's length until the transaction has closed.
Therefore, for antitrust purposes you should treat Dynegy as you would any other unaffiliated company notwithstanding the merger
Continuation:","agreement.
In addition, all information, documents and communications related to the merger between <COMPANY> and Dynegy should be coordinated through and approved by Mark Muller, Lance Schuler, Robert Eickenroht, Mark Haedicke, Rob Walls or Greg Whalley of <COMPANY>.
It is absolutely critical that this procedure be maintained.
To the extent that information is required to be disclosed to Dynegy under the merger agreement, then such disclosure should be approved by one of the foregoing individuals.
If you have any questions concerning this notice, please contact Lance Schuler <PHONE>), Robert Eickenroht <PHONE>), Mark Haedicke <PHONE>) or Rob Walls <PHONE>).
Thank you for your help in this matter.","agreement.
<COMPANY> will continue to operate independently of <COMPANY> and <COMPANY>'s affiliates.
<COMPANY> will continue to operate independently of <COMPANY>'s affiliates.
<COMPANY> will continue to operate independently of <COM"
21,An Inbound Message For You Has Been Quarantined,You have received this message because someone has attempted to send you an e-mail from outside of <COMPANY> with an attachment type that <COMPANY>,"Email:
You have received this message because someone has attempted to send you an e-mail from outside of <COMPANY> with an attachment type that <COMPANY>
Continuation:","does not allow into our messaging environment.
Your e-mail has been quarantined and is being held at the MailSweeper server.
Sender: <EMAIL>","does not allow into our messaging environment.
Your e-mail has been quarantined and is being held at the MailSweeper server.
Sender: <EMAIL> <EMAIL> <EMAIL> <EMAIL> <EMAIL> <EMAIL> <EMAIL> <EMAIL"
22,Products,"Hey Rob, I am trying to create index products for Feb and I don't see the Jan products to copy.","Email:
Hey Rob, I am trying to create index products for Feb and I don't see the Jan products to copy.
Continuation:","I need HPL HSCX, HPL HSCX E, HPL Agua Dulce, HPL Thompsonville, and Corpus Christi Pool.
Thanks,","I am trying to get the index products to the same format as the Jan products.
Thanks, Kay.
Kay, I have a new product in my system called Index Products.
Thanks, Kay.
Sara, I have a new product in my system called Index Products.
Thanks, Kay."
23,IR Moves,"Now I see how you guys have been winning all of your games - through cheating.
You are supposed to have at least one player on IR each week.
A designated","Email:
Now I see how you guys have been winning all of your games - through cheating.
You are supposed to have at least one player on IR each week.
A designated
Continuation:","IR player cannot play.
There are no IR moves during the week.
That means that at least one person on your team should score no points each week.
out","IR player is a member of the team.
If you are not a member of the team, you are not eligible to participate in the IR.
If you are not a member of the team, you are not eligible to participate in the IR.
Thanks, Liz Taylor x00000.
Thanks, Liz Taylor"
24,DUES,"I have not received your dues yet.
I am giving you a one week reprieve.
If I do not receive your dues","Email:
I have not received your dues yet.
I am giving you a one week reprieve.
If I do not receive your dues
Continuation:","(<CUR><NUMBER>) by this Sunday, you will forfeit.
My address is: <NUMBER> Travis St.. #<NUMBER> Houston <NUMBER>","then I will not be able to do anything.
I will be out of the office until next week.
Thanks.
Sara x00000.
Thanks.
Sara x00000.
Thanks.
Sara x00000.
Thanks.
Sara x00000.
Thanks.
Sara"
25,Pick-Ups,"Please e-mail me who you want to add and drop.
Check you roster to make sure that it is legal.","Email:
Please e-mail me who you want to add and drop.
Check you roster to make sure that it is legal.
Continuation:","I still need your dues by Sunday or you forfeit.
I have only received dues from Dave and Steve!","I will be out of the office on Monday, October <NUMBER>.
Thanks, Liz Taylor x00000.
Thanks, Liz Taylor x00000.
Thanks, Liz Taylor x00000.
Thanks, Liz Taylor x00000.
Thanks, Liz Taylor x00000.
Thanks, Liz Taylor x00000."
26,Trade?,"I would like to trade for your 0nd pick in the draft.
I can offer","Email:
I would like to trade for your 0nd pick in the draft.
I can offer
Continuation:","you a 0nd round pick and a 0th round pick.
What do you think?
Eric","a <CUR><NUMBER> pick for the 0rd pick.
Thanks.
Sara x00000.
Thanks.
Sara x00000.
Thanks.
Sara x00000.
Thanks.
Sara x00000.
Thanks.
Sara x00000.
Thanks."
27,Draft,"By unanimous vote we will pre-determine the draft order.
So, if nobidy has any objections, I will pick the draft order here at work under the scrutinhy of several other players ( Dave B, O. Winfree, M. Lenhart, M. Walters).
Also, by","Email:
By unanimous vote we will pre-determine the draft order.
So, if nobidy has any objections, I will pick the draft order here at work under the scrutinhy of several other players ( Dave B, O. Winfree, M. Lenhart, M. Walters).
Also, by
Continuation:","majority vote, will have a required tight end posn.
Meaning the starting lineups will include 0QB, <NUMBER> RBs, <NUMBER> WRs, <NUMBER> TE, <NUMBER> K, <NUMBER> Def.
Please e-mail back if you are ok with me picking the draft order.
Eric","unanimous vote, we will pre-determine the draft order.
I will then have to make a decision on the draft order.
I will then have to make a decision on the draft order.
I will then have to make a decision on the draft order.
Please let me know if you have"
28,Draft change request,"There are some conflicts with the draft date, so we will probably need to have it on a different date.
Please tell me if you prefer <NUMBER>/<NUMBER> ( the day","Email:
There are some conflicts with the draft date, so we will probably need to have it on a different date.
Please tell me if you prefer <NUMBER>/<NUMBER> ( the day
Continuation:","before the season starts) or <NUMBER>/<NUMBER>.
We could also do it during the week, but it will probably takle <NUMBER> or <NUMBER> hrs.
Let me know suggestions.","of the 00th) or <NUMBER>/<NUMBER> ( the 00th).
I will be out of the office on Monday, October <NUMBER>, so if you have any questions, please let me know.
Thanks, Liz Taylor x00000.
Thanks, Liz Taylor x00000."
29,Game Tonight,I don't know the YMCA's policy on rain outs so I will assume that we still have a game tonight.,"Email:
I don't know the YMCA's policy on rain outs so I will assume that we still have a game tonight.
Continuation:","Our game is at <NUMBER>:<NUMBER> tonight.
Please let me know if you will be there.
Eric","I will be out of the office until <NUMBER>:<NUMBER> pm.
I will be back in the office on Monday.
Thanks.
Sara x00000.
Sara x00000.
Sara x00000.
Sara x00000.
Sara x00000.
S"
30,Rotation,"Hey Lisa, Long time no hear!
I guess you are too cool for all of us little people now.
Brenda is looking for someone to fill Bryan Hull's","Email:
Hey Lisa, Long time no hear!
I guess you are too cool for all of us little people now.
Brenda is looking for someone to fill Bryan Hull's
Continuation:","spot in risk when he leaves.
I know that you are looking for a rotation, so I was wondering if you have an interest.
Let me know.
Eric","role.
I'm looking for someone to fill the role.
I'm looking for someone to fill the role.
I'm looking for someone to fill the role.
Thanks, Lisa.
Sara, I'm looking for someone to fill the role.
Thanks, Lisa.
Sara, I"
31,A note on PMA's,"You may notice that <NUMBER> PMA's are <CUR>(<NUMBER>) or approx <NUMBER>% to the final P&L.
You will also notice that the detail following the majority of the adjustments is Unaccounted For Gas.
At the close of business for the <NUMBER> P&L, we saw a gain of approx.
<CUR><NUMBER> because of a blowout in UA0.","Email:
You may notice that <NUMBER> PMA's are <CUR>(<NUMBER>) or approx <NUMBER>% to the final P&L.
You will also notice that the detail following the majority of the adjustments is Unaccounted For Gas.
At the close of business for the <NUMBER> P&L, we saw a gain of approx.
<CUR><NUMBER> because of a blowout in UA0.
Continuation:","We thought that it would be prudent to top level this amount and use it to offset the PMA's we would take as a result of this UA0 blowout.
Therefore, the net impact of <NUMBER> PMA's is <CUR><NUMBER> or <NUMBER>% of last day P&L.
I just wanted to congratulate the team on a great P&L for the month of November.","We are now seeing a decrease in the total P&L.
We are seeing a decrease in the total P&L.
We are seeing a decrease in the total P&L.
We are seeing a decrease in the total P&L.
We are seeing a decrease in the total P&L"
32,Fire Drill Scheduled,"As required by the Houston Fire Department, a fire drill has been scheduled for the <COMPANY> Center Campus.
<COMPANY> Center North, <NUMBER> Smith St., approximately <NUMBER>:<NUMBER> PM on Thursday, December 00th, <NUMBER> <COMPANY> Center South, <NUMBER> Louisiana St., approximately <NUMBER>:<NUMBER> PM on Thursday, December 00th, <NUMBER> Please advise all clients, contractors, and visitors that this will be a fire drill only.
The fire alarm will sound at <NUMBER>:<NUMBER> PM in <COMPANY> Center North and <NUMBER>:<NUMBER> PM in <COMPANY> Center South.
You will","Email:
As required by the Houston Fire Department, a fire drill has been scheduled for the <COMPANY> Center Campus.
<COMPANY> Center North, <NUMBER> Smith St., approximately <NUMBER>:<NUMBER> PM on Thursday, December 00th, <NUMBER> <COMPANY> Center South, <NUMBER> Louisiana St., approximately <NUMBER>:<NUMBER> PM on Thursday, December 00th, <NUMBER> Please advise all clients, contractors, and visitors that this will be a fire drill only.
The fire alarm will sound at <NUMBER>:<NUMBER> PM in <COMPANY> Center North and <NUMBER>:<NUMBER> PM in <COMPANY> Center South.
You will
Continuation:","be asked to go to the stairwell and standby.
Do not go into the stairwell.
Further instructions will be given over the public address system.
If you experience any difficulties in hearing either the fire alarm or any announcements over the public address system, please notify the Facilities Help Desk by e-mail at <EMAIL>.
Anyone that is mobility impaired or medically disabled may be excused from participating in this drill by sending an e-mail to Harry Grubbs.
If you have any questions or need any additional information, please contact Harry Grubbs at <PHONE>.","be notified via email that the drill will be performed at <NUMBER>:<NUMBER> PM in <COMPANY> Center South.
Please call the Houston Fire Department at <PHONE> if you have any questions.
The Houston Fire Department will be providing assistance to the Houston Fire Department's Office of"
33,Your mailbox is over its size limit,"Your mailbox has exceeded one or more size limits set by your administrator.
Your mailbox size is <NUMBER> KB.
Mailbox size limits: You will receive a warning when your mailbox reaches <NUMBER> KB.
You cannot send mail when your mailbox reaches <NUMBER> KB.You may not be able to send or receive new mail until you reduce your mailbox size.
To make more space","Email:
Your mailbox has exceeded one or more size limits set by your administrator.
Your mailbox size is <NUMBER> KB.
Mailbox size limits: You will receive a warning when your mailbox reaches <NUMBER> KB.
You cannot send mail when your mailbox reaches <NUMBER> KB.You may not be able to send or receive new mail until you reduce your mailbox size.
To make more space
Continuation:","available, delete any items that you are no longer using or move them to your personal folder file (.pst).
Items in all of your mailbox folders including the Deleted Items and Sent Items folders count against your size limit.
You must empty the Deleted Items folder after deleting items or the space will not be freed.
See client Help for more information.","available, delete any items that you are no longer using or move them to your personal folder file (.pst).
Items in all of your mailbox folders including the Deleted Items and Sent Items folders count against your size limit.
You must empty the Deleted Items folder after deleting items or the space will not be"
34,Your mailbox is over its size limit,"Your mailbox has exceeded one or more size limits set by your administrator.
Your mailbox size is <NUMBER> KB.
Mailbox size limits: You will receive a warning when your mailbox reaches <NUMBER> KB.
You cannot send mail when your mailbox reaches <NUMBER> KB.You may not be able to send or receive new mail until you reduce your mailbox size.
To make more space","Email:
Your mailbox has exceeded one or more size limits set by your administrator.
Your mailbox size is <NUMBER> KB.
Mailbox size limits: You will receive a warning when your mailbox reaches <NUMBER> KB.
You cannot send mail when your mailbox reaches <NUMBER> KB.You may not be able to send or receive new mail until you reduce your mailbox size.
To make more space
Continuation:","available, delete any items that you are no longer using or move them to your personal folder file (.pst).
Items in all of your mailbox folders including the Deleted Items and Sent Items folders count against your size limit.
You must empty the Deleted Items folder after deleting items or the space will not be freed.
See client Help for more information.","available, delete any items that you are no longer using or move them to your personal folder file (.pst).
Items in all of your mailbox folders including the Deleted Items and Sent Items folders count against your size limit.
You must empty the Deleted Items folder after deleting items or the space will not be"
35,"Special Limited-Time Offer: SAVE $10, plus get FREE SHIPPING!","******************************************* Save <CUR><NUMBER> Today and Get Free Shipping!
Shop now!
Offer expires December <NUMBER>, <NUMBER> ******************************************* Dear Barnes & Noble.com Customer: Order","Email:
******************************************* Save <CUR><NUMBER> Today and Get Free Shipping!
Shop now!
Offer expires December <NUMBER>, <NUMBER> ******************************************* Dear Barnes & Noble.com Customer: Order
Continuation:","now.
There are only <NUMBER> DAYS in this special End-of-Holidays sale.
For a limited time you can save <CUR><NUMBER> off your order of <CUR><NUMBER> or more, and if you order two or more items, you will qualify for FREE SHIPPING*!","Now!
******************************************* Save <CUR><NUMBER> Today and Get FREE Shipping!
Shop now!
Offer expires December <NUMBER>, <NUMBER> ******************************************* Thank you for your support.
We look forward to seeing you soon.
Best regards, Liz Taylor, Liz Taylor"
36,Your mailbox is over its size limit,"Your mailbox has exceeded one or more size limits set by your administrator.
Your mailbox size is <NUMBER> KB.
Mailbox size limits: You will receive a warning when your mailbox reaches <NUMBER> KB.
You cannot send mail when your mailbox reaches <NUMBER> KB.You may not be able to send or receive new mail until you reduce your mailbox size.
To make more space","Email:
Your mailbox has exceeded one or more size limits set by your administrator.
Your mailbox size is <NUMBER> KB.
Mailbox size limits: You will receive a warning when your mailbox reaches <NUMBER> KB.
You cannot send mail when your mailbox reaches <NUMBER> KB.You may not be able to send or receive new mail until you reduce your mailbox size.
To make more space
Continuation:","available, delete any items that you are no longer using or move them to your personal folder file (.pst).
Items in all of your mailbox folders including the Deleted Items and Sent Items folders count against your size limit.
You must empty the Deleted Items folder after deleting items or the space will not be freed.
See client Help for more information.","available, delete any items that you are no longer using or move them to your personal folder file (.pst).
Items in all of your mailbox folders including the Deleted Items and Sent Items folders count against your size limit.
You must empty the Deleted Items folder after deleting items or the space will not be"
37,Christmas Arches,"The following is the information need for the arch set up.
If you would like to volunteer to help fill out the attachment form* and drop by <NUMBER> CLaiborne.
If you would like to email me that you will help please email your NAME, ADDRESS, AND PHONE to <EMAIL> *(Note: We do not send attachments through ccvevents, because of viruses.
Craig will get the form to me in text form and I will email it to you later.
You may not be aware, but I have received several virus from people on the ccvevents list.
Luckily, I caught them before they attached my system Happy emailing.)
At this time I will need a hard copy of the for for set up .
All should be receiving a for on your door this week.
They are due before November 00th.
Arch Committee Report Setup December 0st - Takedown January 0th Arch Setup is scheduled for Saturday (December <NUMBER>) with completion on Sunday (December <NUMBER>) if needed.
I have a few volunteers that have stated they willing to help on those days but as always could use more.
I will have a short meeting with the volunteers at my house on Thursday before setup.
The more help the faster we can complete the Holiday Decorations.
Last year we where able to setup the arches in one day.
I would like to do the same this your.
Men ,Women, and Teens are asked to help.
The process consists of assembly of the arch (men needed), tie the light onto the arch with plastic ties (anyone) and then erecting the Arch (<NUMBER> men).
We will divide up in to due teams that will move down the street performing their part.
Clean holes if needed, assemble arches, check lights, attach lights to arches, retest lights and stand arch At least one experiences arch volunteer from last year will be on each team as the lead .
If we get an early star","Email:
The following is the information need for the arch set up.
If you would like to volunteer to help fill out the attachment form* and drop by <NUMBER> CLaiborne.
If you would like to email me that you will help please email your NAME, ADDRESS, AND PHONE to <EMAIL> *(Note: We do not send attachments through ccvevents, because of viruses.
Craig will get the form to me in text form and I will email it to you later.
You may not be aware, but I have received several virus from people on the ccvevents list.
Luckily, I caught them before they attached my system Happy emailing.)
At this time I will need a hard copy of the for for set up .
All should be receiving a for on your door this week.
They are due before November 00th.
Arch Committee Report Setup December 0st - Takedown January 0th Arch Setup is scheduled for Saturday (December <NUMBER>) with completion on Sunday (December <NUMBER>) if needed.
I have a few volunteers that have stated they willing to help on those days but as always could use more.
I will have a short meeting with the volunteers at my house on Thursday before setup.
The more help the faster we can complete the Holiday Decorations.
Last year we where able to setup the arches in one day.
I would like to do the same this your.
Men ,Women, and Teens are asked to help.
The process consists of assembly of the arch (men needed), tie the light onto the arch with plastic ties (anyone) and then erecting the Arch (<NUMBER> men).
We will divide up in to due teams that will move down the street performing their part.
Clean holes if needed, assemble arches, check lights, attach lights to arches, retest lights and stand arch At least one experiences arch volunteer from last year will be on each team as the lead .
If we get an early star
Continuation:","we can complete the setup in one day.
I would like to start at <NUMBER>:<NUMBER> am on Saturday (Dec.0).
We can meet at the Church at <NUMBER>:<NUMBER> am and delegate duties to groups We will leave from the Church at <NUMBER>:<NUMBER> am and start the setups.
Those helping may want to bring a pair of gloves and wire cutters or side cutters for the ties.
O' yes, for those that helped last year, we will have the chicken gumbo again.
I hope that is OK. We would like to have all setup fees in before setup day.
I will have a mailbox in front of my house to drop the fee in with your setup form.
If you do not send in your form and would like to have your arch setup we will except the fee on Saturday of setup.
This fee collection is time consuming and would like not have to deal the fee on setup day.
It is the residents responsibility to have the arch parts accessible by <NUMBER>:00am on the setup Saturday.
We will have extra light strings for those that need to purchase replacements.
If you would like to have your Arch set up please have the following items completed and ready by Saturday (December <NUMBER>).
Requirement for Setup of existing Arches: All Arch holes will need to be cleaned, by washing out with water prior to setup day.
All Arch pieces will need to be places at Arch hole of the resident (Arch Partner) that will plug in the lights.
All lights are to be tested and bad lights replaced.
Bulbs available at Hobby Lobby.
Extension cord laid out for light check prior to Arch Erection.
All arch parts accessible by <NUMBER>:00am Saturday Dec.0.
I cannot believe that it is already November and we need to be ready for Chirstmas in the Village.
Craig and the arch team can use our help.
Let him know if you can lend a hand.
Mary G. Strickland",
38,Change of Control Provisions,"As many of you know, I have a provision in my employment contract which provides for a payment of <CUR><NUMBER> million per year for the remaining term of my contract in the event of a change of control of <COMPANY>.
The merger with Dynegy, or a similar transaction with any other company, would trigger this provision on closing.
Assuming the merger with Dynegy is closed within <NUMBER>-<NUMBER> months, as we expect, this provision would entitle me to total payments of slightly more than <CUR><NUMBER> million.
Many CEOs have change of control provisions in their employment contracts and mine has been in place since <NUMBER>.
But given the current circumstances facing the company and our employees, I have been giving a lot of thought these last few days to what to do about this payment.","Email:
As many of you know, I have a provision in my employment contract which provides for a payment of <CUR><NUMBER> million per year for the remaining term of my contract in the event of a change of control of <COMPANY>.
The merger with Dynegy, or a similar transaction with any other company, would trigger this provision on closing.
Assuming the merger with Dynegy is closed within <NUMBER>-<NUMBER> months, as we expect, this provision would entitle me to total payments of slightly more than <CUR><NUMBER> million.
Many CEOs have change of control provisions in their employment contracts and mine has been in place since <NUMBER>.
But given the current circumstances facing the company and our employees, I have been giving a lot of thought these last few days to what to do about this payment.
Continuation:","Initially, I thought I would use part of the funds for a foundation for our employees and take the remainder in stock and cash.
However, after talking to a number of employees this afternoon, I have decided that the best course of action would be for me to waive my right to any of this payment.
Therefore, at closing, I will receive no payments under this provision.
I know this action does not remedy the uncertainty that you and your families face.
But please know that I will continue to do everything in my power to serve the best interests of <COMPANY>'s employees and shareholders.
I am still very proud of what we have built at <COMPANY>, and I want to continue working with all of you to correct the problems and restore <COMPANY> to its rightful place in the energy industry.
Thank you.","I will be sending you a list of the changes that I will be sending you.
I will also be sending you a list of the changes that I will be sending you.
I will also be sending you a list of the changes that I will be sending you.
I will also be sending you a list"
39,"DRAFT: INFORMATION, Please Read: UBSWE Migration postponed","Due to a variety of circumstances we did not migrate employees to the UBSWE environment tonight (Monday, February <NUMBER>, <NUMBER>).
We will communicate further details of the migration plan on Tuesday,","Email:
Due to a variety of circumstances we did not migrate employees to the UBSWE environment tonight (Monday, February <NUMBER>, <NUMBER>).
We will communicate further details of the migration plan on Tuesday,
Continuation:","February <NUMBER>, <NUMBER>.
Thank you for your cooperation in advance, please contact the Resolution Center at x <NUMBER>-<NUMBER> should you have any questions.
UBSW Energy Global Infrastructure","February <NUMBER>.
We will also provide a brief overview of the migration plan.
Please let me know if you have any questions.
We apologize for any inconvenience this may have caused you.
Thank you, and we look forward to seeing you there.
Regards, and Regards, and Reg"
40,Ski Trip 2002,"Hello Everyone, Well, I looked around again for another inexpensive ski trip for us to take this year.
The path has seemed to lead the same direction as it did last year.
Lake Tahoe is by far the cheapest package deal I can find.
I have already spoken to most of you who went last year and everyone seems to agree it was a good time and great atmosphere.
The dates for this adventure are leaving the evening of January 00th (Wed.) and returning on Febuary 0rd (Sun.).
The vacation package is through Southwest Airlines Vacations.
We will stay at the Horizon Casino for <NUMBER> nights.
We will depart: Houston Hobby Airport @ <NUMBER>:<NUMBER> pm with a short stop in Las Vegas and arrive into Reno at <NUMBER>:<NUMBER> pm.
We will then go by Charter bus to Lake Tahoe.
Leaving Lake Tahoe: Our plane will depart Reno at <NUMBER>:<NUMBER> pm on direct route to Houston arriving at <NUMBER>:<NUMBER> pm.
And you ask how much for all this excitement?","Email:
Hello Everyone, Well, I looked around again for another inexpensive ski trip for us to take this year.
The path has seemed to lead the same direction as it did last year.
Lake Tahoe is by far the cheapest package deal I can find.
I have already spoken to most of you who went last year and everyone seems to agree it was a good time and great atmosphere.
The dates for this adventure are leaving the evening of January 00th (Wed.) and returning on Febuary 0rd (Sun.).
The vacation package is through Southwest Airlines Vacations.
We will stay at the Horizon Casino for <NUMBER> nights.
We will depart: Houston Hobby Airport @ <NUMBER>:<NUMBER> pm with a short stop in Las Vegas and arrive into Reno at <NUMBER>:<NUMBER> pm.
We will then go by Charter bus to Lake Tahoe.
Leaving Lake Tahoe: Our plane will depart Reno at <NUMBER>:<NUMBER> pm on direct route to Houston arriving at <NUMBER>:<NUMBER> pm.
And you ask how much for all this excitement?
Continuation:","This can be all yours for <NUMBER> per person.
This price is for two people per room.
I will need to know who would like to go no later than Wednesday afternoon so I can set up reservations.
These trips are booking fast.
We will be able to do like last year.
I will call in the reservations and then each individual person will be able to call Southwest directly and bill the trip to their own credit card.
The only other expenses to be prepaid are for ski lift tickets and roundtrip transfer from the airport to the hotel and back.
This cost is <CUR><NUMBER>.
I figure we will discuss the lift ticket options.
Some people may want to Snowmobile a day or do something else.
We will discuss these options further after the trip is set.
Hope to see everyone there.
The snow is looking good up there so far.
They had <NUMBER>"" on the mountain yesterday.
Mason is going.
I just don't have his e-mail address but he said to count him in.
Scott Tichavsky","I will be leaving the resort on a short stop in Las Vegas and arriving at <NUMBER>:<NUMBER> pm.
Leaving Lake Tahoe: We will leave at the Marriott Hotel and Casino for <NUMBER> nights.
Leaving Lake Tahoe: We will leave at the Marriott Hotel and"
41,New Years,"There is a pretty large group of us going to the Firehouse for New Year's eve this year.
Most of the people that attended the Christmas party and most of the people who went to Schroeder Hall last year.
Anyway just wanted to spread the word to a few of you who may not","Email:
There is a pretty large group of us going to the Firehouse for New Year's eve this year.
Most of the people that attended the Christmas party and most of the people who went to Schroeder Hall last year.
Anyway just wanted to spread the word to a few of you who may not
Continuation:","have gotten the word.
Tickets are <CUR><NUMBER> apiece and probably need to be purchased before the end of next week.
Roger thinks it will sell out before Christmas.
Hope everyone has a great day.
Joe if you would like for us to buy you a ticket let me know.
Thanks","have been there last year.
We are going to be there for the first time in the <NUMBER> year old year.
We will be there for the first time in the <NUMBER> year old year.
We will be there for the first time in the <NUMBER> year old year"
42,Employee Reinstatement,"Please see the below message from Kevin Sweeney.
Sally Per our conversation yesterday, below is a list of EGM employees that we would like to reinstate.
Please use this for changes to the budget and I will provide a justification memo by lunch time today.","Email:
Please see the below message from Kevin Sweeney.
Sally Per our conversation yesterday, below is a list of EGM employees that we would like to reinstate.
Please use this for changes to the budget and I will provide a justification memo by lunch time today.
Continuation:","<NUMBER>.)
Bill Kasemervisz - Manager <NUMBER>.)
Marilyn Schoppe - Staff <NUMBER>.)
Tara Bryce - Staff or Specialist <NUMBER>.)
Paula Lacour - Staff or Specialist <NUMBER>.)
Elizabeth Hernandez - Sr.
Specialist <NUMBER>.)
Linda Ewing - Specialist Thanks","Please let me know if you have any questions.
I will be out of the office on Monday, but will be back in the office on Tuesday.
Please let me know if you have any questions.
I will be out of the office on Tuesday, but will be back in the office on Wednesday."
43,Headcount for 1998 - 2001,"Sally, The attached file shows the detail of plan headcount for December <NUMBER>, <NUMBER> through <NUMBER>.
The only number that I still have a question about, is for EGM December <NUMBER>, the number I have in the file only represents the people moving into","Email:
Sally, The attached file shows the detail of plan headcount for December <NUMBER>, <NUMBER> through <NUMBER>.
The only number that I still have a question about, is for EGM December <NUMBER>, the number I have in the file only represents the people moving into
Continuation:","Networks from EGM (Brent's group).
I left a message with Tom Myers, to get the correct number.
I have also added the graphs that we discussed, which show increase in headcount along with increase in deal counts.
If you have any questions, let me know.
Thanks,","the office.
I will be out of the office on Wednesday, December <NUMBER>, <NUMBER>.
Please let me know if you have any questions.
I will be out of the office on Wednesday, December <NUMBER>, <NUMBER>.
Please let me know if you have any questions"
44,ClickAtHome Portal is HERE!,"Version <NUMBER> of the ClickAtHome Portal is now available!
Log into <URL> now, from work or home!
Access the PEP System through the portal!
Choose your reviewers and fill out your evaluations in the comfort and privacy of your home!
Outlook Web Access and","Email:
Version <NUMBER> of the ClickAtHome Portal is now available!
Log into <URL> now, from work or home!
Access the PEP System through the portal!
Choose your reviewers and fill out your evaluations in the comfort and privacy of your home!
Outlook Web Access and
Continuation:","eHRonline will be available SOON!
The ClickAtHome portal is fully customizable for you!
YOU choose the content on each page, as well as the look and feel!
Note: the ClickAtHome portal must be launched through an Internet Explorer browser, <NUMBER> or higher.","the ClickAtHome Portal are now available!
Log into <URL> and then click on the ""Next"" button.
Click on the ""Next"" button and then the ""Finish"" button.
You will be presented with a list of reviewers and a description of your review.
Thank you!
!"
45,EGM Good Job!,"During the morning meeting today Rick Buy commented on what a good job EGM has done in the officialization process.
He took your names because he wanted to know who","Email:
During the morning meeting today Rick Buy commented on what a good job EGM has done in the officialization process.
He took your names because he wanted to know who
Continuation:","to thank for this.
His comments are based on the summary graph - his words - EGM has by far the most books but never shows up on the log - who can we thank for that?","he is and what he is not.
He also wanted to know who he is and what he is not.
He also wanted to know who he is and what he is not.
Please let me know if you have any questions.
Thanks.
Sara x00000 <NUMBER> <NUMBER"
46,EA Staff Meeting,"When: Thursday, May <NUMBER>, <NUMBER> <NUMBER>:<NUMBER> AM-<NUMBER>:<NUMBER> AM (GMT-<NUMBER>:<NUMBER>) Central Time (US & Canada).
Where: EB0000 *~*~*~*~*~*~*~*~*~* Due to","Email:
When: Thursday, May <NUMBER>, <NUMBER> <NUMBER>:<NUMBER> AM-<NUMBER>:<NUMBER> AM (GMT-<NUMBER>:<NUMBER>) Central Time (US & Canada).
Where: EB0000 *~*~*~*~*~*~*~*~*~* Due to
Continuation:","this past Memorial Holiday our EA Staff Meeting has been rescheduled this week at the indicated time.
If you have any questions or concerns, please call me at x00000.
Thank you,","the nature of the meeting, we will be out of the office on Monday, May <NUMBER>, <NUMBER>.
Please call me if you have any questions.
I look forward to seeing you there.
Thank you, Liz Taylor x00000.
Thanks, Liz Taylor x00000.
Best regards"
47,Log as of 06/04 and weekly summary for 05/28,"Attached please find the weekly summary report for the week of <NUMBER>/<NUMBER>-<NUMBER>/<NUMBER>.
Additionally, the","Email:
Attached please find the weekly summary report for the week of <NUMBER>/<NUMBER>-<NUMBER>/<NUMBER>.
Additionally, the
Continuation:","daily log for <NUMBER>/<NUMBER> is attached her with.
If you have any questions or comments please advise.
Regards,","daily summary report for the week of <NUMBER>/<NUMBER>-<NUMBER>/<NUMBER> will be updated.
Please call me if you have any questions.
Thanks, Liz Taylor x00000.
Thanks, Liz Taylor x00000.
Thanks, Liz Taylor x00000."
48,"Reminder - Final PRC - Friday, June 8","JUST A REMINDER!
Global Risk Management Operations Mid-Year PRC Meeting Will be held on Friday, June <NUMBER>, <NUMBER> <NUMBER>:00am* - ?
DoubleTree","Email:
JUST A REMINDER!
Global Risk Management Operations Mid-Year PRC Meeting Will be held on Friday, June <NUMBER>, <NUMBER> <NUMBER>:00am* - ?
DoubleTree
Continuation:","Hotel Granger A Room Breakfast and Lunch will be provided.
*Sally Beck, Wes Colwell, & Greg Piper will join meeting at <NUMBER>:<NUMBER> AM",Conference Room EB0000 - <NUMBER> EB0000 - <NUMBER> EB0000 - <NUMBER> EB0000 - <NUMBER> EB0000 - <NUMBER> EB0000 - <NUMBER> EB0000 - <NUMBER> EB0000 - <NUMBER> EB0000 - <NUMBER
49,Update on SAP System Response,"As you may recall, the SAP system response time was slow during the September Quarter-end close period.
The Integrated Solutions Center (ISC) has been working diligently to address the root causes of this issue and can report that significant progress has been made.
With the October month-end close fast approaching, we want to provide you with an update as to the progress made in identifying and addressing the root causes for slow system response.
Poor Performing Programs The ISC has identified a number of poor performing programs.
Some program redesign has already occurred with continued efforts proceeding through year end.
In addition, system and data base parameters as well as indexes have been tuned.
These actions have resulted in improvements that should enable <COMPANY> to realize better system response in the upcoming close.
Workload Distribution The ISC has identified jobs, both scheduled and user submitted, that result in system ""bottlenecks"".
We have accelerated the purchase of system hardware to provide additional capacity and expect this upgrade to occur prior","Email:
As you may recall, the SAP system response time was slow during the September Quarter-end close period.
The Integrated Solutions Center (ISC) has been working diligently to address the root causes of this issue and can report that significant progress has been made.
With the October month-end close fast approaching, we want to provide you with an update as to the progress made in identifying and addressing the root causes for slow system response.
Poor Performing Programs The ISC has identified a number of poor performing programs.
Some program redesign has already occurred with continued efforts proceeding through year end.
In addition, system and data base parameters as well as indexes have been tuned.
These actions have resulted in improvements that should enable <COMPANY> to realize better system response in the upcoming close.
Workload Distribution The ISC has identified jobs, both scheduled and user submitted, that result in system ""bottlenecks"".
We have accelerated the purchase of system hardware to provide additional capacity and expect this upgrade to occur prior
Continuation:","to year-end close.
In addition, the ISC has implemented a plan to provide business users with more information regarding efficient methods of report execution.
Workshops are currently being conducted with key ""close-users"" from the various business units to provide techniques that will enable more efficient report execution during the close process.
Improved Close Monitoring The ISC has been working to heighten the monitoring of key close jobs in order to more effectively identify and resolve close related issues.
An initiative is underway to improve the utilization of automated tools to better monitor, identify, and escalate close-related problems.
Communication Strategy Implement The ISC has established a plan to more effectively communicate to our customers in the event of future system performance issues.
This plan will ensure that information will be provided to users regarding system performance and resolution status in a timely manner.
Please feel free to contact me if you would like additional details regarding our efforts to improve overall system performance.","<NUMBER>/<NUMBER>/<NUMBER>.
The ISC has identified approximately <NUMBER>% of the total system's load distribution and <NUMBER>% of the total system's total system's total system's total system's total system's total system's total system's total system"
50,Status of the sale of POPS to AEP,"We are getting closer to finishing up the agreement to sale a license to use POPS and its source code to AEP.
It looks like we agree in principal but I'm not comfortable with some of the language proposed by AEP.
Since Barbara Gary is out until next Tuesday I don't anticipate us finishing up the agreement until the end of next week at the earliest.
Given","Email:
We are getting closer to finishing up the agreement to sale a license to use POPS and its source code to AEP.
It looks like we agree in principal but I'm not comfortable with some of the language proposed by AEP.
Since Barbara Gary is out until next Tuesday I don't anticipate us finishing up the agreement until the end of next week at the earliest.
Given
Continuation:","the timing we need to be able to turn around and deliver the application & documentation by the end of November in order to receive all of the funds this year.
I will be setting up a meeting with the application, DBA, DA and technical writing teams to make sure we are all on the same page and ready to deliver the application by the end of November.
- Tommy","the current situation, I would like to get a copy of the agreement to you.
I would like to get a copy of the agreement to you by the end of next week.
I will be out of the office until next week.
I will be out of the office until next week.
I will"
51,Org Chart - Introduction,"Sally - Lloyd Will and I would like to swing by and make a quick introduction.
Also....we would love to talk you out of a high level org chart of your organization.
I work for Ozzie Pagan in EES and am tasked with getting the EES Retail Operation Center (ROC) off the ground.
My technology guys report in to Anthony Dayao (thru Mike Fink).
We have linked up with Lloyd Will in <COMPANY> so that we don't have to hire operators and re-create the functions he has already pioneered with the hourly and cash desks.
I'm also working","Email:
Sally - Lloyd Will and I would like to swing by and make a quick introduction.
Also....we would love to talk you out of a high level org chart of your organization.
I work for Ozzie Pagan in EES and am tasked with getting the EES Retail Operation Center (ROC) off the ground.
My technology guys report in to Anthony Dayao (thru Mike Fink).
We have linked up with Lloyd Will in <COMPANY> so that we don't have to hire operators and re-create the functions he has already pioneered with the hourly and cash desks.
I'm also working
Continuation:","with Evan Hughes and Murray O'Neal in Beth Apollo's group to define roles/interface points for DG and Load Curtailment products (on the billing/settlement side).
Finally, I'm working with the team that is attempting to define consolodated Risk Systems (Dayao/Accencur et all) a) could Lloyd and I get a high level org chart for your org so we recognize/understand/get to know your folks?
b) Lloyd and I would like to come by for <NUMBER> minutes and introduce ourselves - we will attempt to schedule thru Christina Regards","with Bill Bradford on the ROC.
I would like to get together with you to discuss the ROC's current structure and objectives.
I would like to get together with you to discuss the ROC's current structure and objectives.
I would like to get together with you to discuss the ROC's current"
52,Exec. Summary for Project Green Light,"Good morning Sally.
Please find attached the executive summary for Project","Email:
Good morning Sally.
Please find attached the executive summary for Project
Continuation:","Green Light.
Please let me know if you have any questions/changes.
Thanks.
- Tom","<NUMBER>-<NUMBER>.
I will be out of the office on Monday, October <NUMBER>, but will be back in the office on Tuesday, October <NUMBER>.
Thanks.
Sara x00000.
Sara x00000.
Thanks.
Sara x00000."
53,Enron Management Committee Extended Meeting,"Hi everyone - It looks as though the best date for the Management Committee Extended Meeting is Wednesday, January <NUMBER> beginning at <NUMBER>:<NUMBER> noon and extending until approximately","Email:
Hi everyone - It looks as though the best date for the Management Committee Extended Meeting is Wednesday, January <NUMBER> beginning at <NUMBER>:<NUMBER> noon and extending until approximately
Continuation:","<NUMBER>:<NUMBER> p.m.
The meeting will be in 00M Dining Room and lunch will be provided.
Ken hopes that everyone will be able to attend.
Please let me know for planning purposes.
Rosie","<NUMBER>:<NUMBER> pm.
The agenda will be presented by the Board of Directors.
The agenda will be presented by the Board of Directors.
Please let me know if you have any questions.
Thanks, Liz Taylor x00000.
Thanks, Liz Taylor x00000.
Thanks,"
54,Numbers,"To set the record straight, EES are maintaining their business as usual stance.
This means that Anthony does NOT have to cut any people if","Email:
To set the record straight, EES are maintaining their business as usual stance.
This means that Anthony does NOT have to cut any people if
Continuation:","he so wishes.
He may, however, take this opportunity to sever low performers as part of the bigger severance plan if necessary.
Regards","he wants to.
I will let you know when EES is back in the office.
Please let me know if you have any questions.
Thanks.
Sara x00000 <NUMBER>-<NUMBER> <NUMBER>-<NUMBER> <NUMBER>-<NUMBER"
55,Fariba Karimi looking for another role Feb 1st,"Sally and Kevin, Fariba Karimi does the Accounting for Equity Trading.
She has been in our group for about a year as a Senior Specialist.
She will be released from her current role at the end of","Email:
Sally and Kevin, Fariba Karimi does the Accounting for Equity Trading.
She has been in our group for about a year as a Senior Specialist.
She will be released from her current role at the end of
Continuation:","January.
She is very interested in finding another spot at <COMPANY>.
If you are aware of anything in either Operations or Accounting, please give me or her a call at <NUMBER>-<NUMBER>.
Thanks,","the month.
Please let me know if you have any questions.
I will be out of the office on Monday, October <NUMBER>.
Please let me know if you have any questions.
I will be out of the office on Monday, October <NUMBER>.
Thanks, Liz Taylor x00000"
56,Congratulations,"Congratulations on the birth of your daughter!
Meagan called this afternoon to tell me the news.
I will perhaps get more details when I get home tonight.
I hope that","Email:
Congratulations on the birth of your daughter!
Meagan called this afternoon to tell me the news.
I will perhaps get more details when I get home tonight.
I hope that
Continuation:","Laura and the baby are doing well.
Let us know what we can do to help.
I am sure that Jackson is a proud brother.
We will be anxious to meet our newest neighbor.
--Sally","you are well.
I am sure that you will be very happy.
I will be in the office on Monday, but I will be in the office on Tuesday.
I will be in the office on Wednesday.
Thanks, Mom.
Sara x00000.
Thanks, Mom.
Sara"
57,Missed our Timing,"I didn't get back from the meeting with Causey and Buy until just before <NUMBER>:<NUMBER> today - not that the meeting was long - Rick Causey was just running late so we cooled our heels outside his office for quite a while before getting started.
I decided that midnight would be outside the bounds of office dedication, so I did not call!
Enjoy your time off tomorrow","Email:
I didn't get back from the meeting with Causey and Buy until just before <NUMBER>:<NUMBER> today - not that the meeting was long - Rick Causey was just running late so we cooled our heels outside his office for quite a while before getting started.
I decided that midnight would be outside the bounds of office dedication, so I did not call!
Enjoy your time off tomorrow
Continuation:","and on Monday.
My plans are to take off next week, and to be back in the office to work the week between Christmas and New Years.
I wouldn't recommend taking your time during your day off to call, but if you finish your Christmas shopping and do want to call, my calendar is free all afternoon after lunch tomorrow.
Wish I could send you with a shopping list for me!
!","- I will be back in the office on Monday, October <NUMBER>.
I will be back in the office on Tuesday, October <NUMBER>.
I will be back in the office on Wednesday, October <NUMBER>.
I will be back in the office on Thursday, October <NUMBER>."
58,"Speaking Engagement - October 23, 2000","Thanks in advance for agreeing to speak at the Global Operations Controller Forum.
I know that we are catching you before a tee time on Monday, so I especially appreciate your joining us to kick off the event that morning.
Dress for the forum is casual, so feel free to do the same.
There will be approximately <NUMBER> <COMPANY> business controllers present at the meeting.
All have responsibility for mid and back office operations for the following <COMPANY> entities: <COMPANY> North America, <COMPANY>","Email:
Thanks in advance for agreeing to speak at the Global Operations Controller Forum.
I know that we are catching you before a tee time on Monday, so I especially appreciate your joining us to kick off the event that morning.
Dress for the forum is casual, so feel free to do the same.
There will be approximately <NUMBER> <COMPANY> business controllers present at the meeting.
All have responsibility for mid and back office operations for the following <COMPANY> entities: <COMPANY> North America, <COMPANY>
Continuation:","Europe, <COMPANY> South America, <COMPANY> Global Markets, <COMPANY> Industrial Markets, <COMPANY> Broadband Services and <COMPANY> Energy Services.
Attendees will be here from Houston, Calgary, Tokyo, Sydney, London and New York (metals business).
Attached for your reference is the agenda.
There may be some slight changes before the forum begins, but this will give you a good idea of the topics to be covered and the other speakers who will address the group.
You are scheduled to address the group as follows:","North America, <COMPANY> North America, <COMPANY> North America, <COMPANY> North America, <COMPANY> North America, <COMPANY> North America, <COMPANY> North America, <COMPANY> North America, <COMPANY>"
59,October 23 Speaking Engagement,"Thanks in advance for agreeing to speak at the Global Operations Controller Forum.
There will be approximately <NUMBER> <COMPANY> business controllers present at the meeting.
All have responsibility for mid and back office operations for the following <COMPANY> entities: <COMPANY> North America, <COMPANY> Europe, <COMPANY> South America, <COMPANY> Global Markets, <COMPANY> Industrial Markets, <COMPANY>","Email:
Thanks in advance for agreeing to speak at the Global Operations Controller Forum.
There will be approximately <NUMBER> <COMPANY> business controllers present at the meeting.
All have responsibility for mid and back office operations for the following <COMPANY> entities: <COMPANY> North America, <COMPANY> Europe, <COMPANY> South America, <COMPANY> Global Markets, <COMPANY> Industrial Markets, <COMPANY>
Continuation:","Broadband Services and <COMPANY> Energy Services.
Attendees will be here from Houston, Calgary, Tokyo, Sydney, London and New York (metals business).
Attached for your reference is the agenda.
There may be some slight changes before the forum begins, but this will give you a good idea of the topics to be covered and the other speakers who will address the group.
You are scheduled to address the group as follows:","North America, <COMPANY> Global Markets, <COMPANY> Global Markets, <COMPANY> Global Markets, <COMPANY> Global Markets, <COMPANY> Global Markets, <COMPANY> Global Markets, <COMPANY> Global Markets, <COMPANY>"
60,Dinner with UT Students,"I sent an e:mail message yesterday saying that I could make dinner in Austin on Wednesday, October <NUMBER>.
That date does not work for me now.
I need to attend a get together for the CommodityLogic team that evening, that was just set up today.
As of last week, I am now co-leading CommodityLogic (under <COMPANY> Networks) along with Tom","Email:
I sent an e:mail message yesterday saying that I could make dinner in Austin on Wednesday, October <NUMBER>.
That date does not work for me now.
I need to attend a get together for the CommodityLogic team that evening, that was just set up today.
As of last week, I am now co-leading CommodityLogic (under <COMPANY> Networks) along with Tom
Continuation:","Gros.
This is in addition to my role within <COMPANY>.
As a new lead over the group, it is important for me to join the team for their team building next Wednesday.
Let me know whether or not you have enough takers for dinner in Austin next week.
If you are short, let me know and I will see what I can do on another night that week.
--Sally","Taylor, who is the head of the CommodityLogic team.
I am also co-chairing the CommodityLogic team.
I am also co-chairing the CommodityLogic team.
I am also co-chairing the CommodityLogic team."
61,vacation plans,"I always compile a contact list for Energy Operations during the holidays (Thanksgiving, Christmas and New Years).
Just let me know who appropriate","Email:
I always compile a contact list for Energy Operations during the holidays (Thanksgiving, Christmas and New Years).
Just let me know who appropriate
Continuation:","contacts will be, especially for the DPR and MPR, during the dates that you are out.
Sounds as if you should see a white Christmas!
--Sally","to contact.
I will be out of the office on Monday, December <NUMBER>.
Thanks, Liz Taylor x00000.
Thanks, Liz Taylor x00000.
Thanks, Liz Taylor x00000.
Thanks, Liz Taylor x00000.
Thanks, Liz Taylor x00000.
Thanks, Liz Taylor"
62,Global Operation Controllers Forum,"Attached is a memo that I have sent to Mike Jordan regarding the Operations Controller forum set for October <NUMBER>, <NUMBER> and <NUMBER>.
I want to send the official invitation early next week.
I have conferred with Mike on attendees from EEL.
Since I do not know all of the reporting relationships in London, I did want to share this list with you and get your input as well before it is finalized.
Please let me know your thoughts on attendees per the attached.
Mike was not sure that you would want","Email:
Attached is a memo that I have sent to Mike Jordan regarding the Operations Controller forum set for October <NUMBER>, <NUMBER> and <NUMBER>.
I want to send the official invitation early next week.
I have conferred with Mike on attendees from EEL.
Since I do not know all of the reporting relationships in London, I did want to share this list with you and get your input as well before it is finalized.
Please let me know your thoughts on attendees per the attached.
Mike was not sure that you would want
Continuation:","to be included, but I certainly want to invite you and would very much welcome your attendance.
If you can come, I would be great for you to address the group if you would like to do so.
Just let me know.
Jeff Skilling, Rick Causey, Ted Murphy and Bill Bradford are confirmed as speakers, and I am waiting to hear from Mark Frevert on his participation.
I expect to sent a preliminary agenda out for review next week as well, and would welcome your comments on that.
Hope you have a great weekend.
--Sally","to be included in the list, but I am sure that you would like to be included in the list.
I am sure that you will be included in the list as well.
I am sure that you will be included in the list as well.
I am sure that you will be included in the list"
63,Info for Sally Beck Jornada,"Diana, Here's info you requested.
Per our conversation earlier, please try to arrange someone with experience/knowledge of Jornada device for training for Sally & me both.
Sally is not very technical & will need to be walked thru.
If she doesn't learn how to properly use it, she will not use it, if you know what I mean.
Any help you can give me in setting up training w/ someone that will be able to answer","Email:
Diana, Here's info you requested.
Per our conversation earlier, please try to arrange someone with experience/knowledge of Jornada device for training for Sally & me both.
Sally is not very technical & will need to be walked thru.
If she doesn't learn how to properly use it, she will not use it, if you know what I mean.
Any help you can give me in setting up training w/ someone that will be able to answer
Continuation:","our questions is greatly appreciated.
Please have person contact me directly as I keep Sally's calendar.
She will be in training all day Thursday & Friday, so Monday would be the soonest she is available.
ID: sbeck Password: balc00balc Lotus password: balc00balc H:\ drive mapping: ""nahou-uv0"" I submitted SRRS for ""in sync"" two or three weeks ago.
Let me know if you need anything else.
Patti Thompson x00000","the questions you asked.
I will be in the office on Monday, October <NUMBER>.
I will be in the office on Tuesday, October <NUMBER>.
I will be in the office on Wednesday, October <NUMBER>.
I will be in the office on Thursday, October <NUMBER"
